140,"Module "
3,"Module 100"
15,"Module 104"
10,"Module 114"
11,"Module 117"
24,"Module 120"
42,"Module 121"
25,"Module 122"
12,"Module 123"
61,"Module 126"
38,"Module 129"
35,"Module 133"
150,"Module 141"
55,"Module 143"
52,"Module 145"
39,"Module 146"
58,"Module 150"
36,"Module 151"
51,"Module 152"
30,"Module 153"
149,"Module 157"
151,"Module 158"
56,"Module 159"
45,"Module 183"
157,"Module 212"
26,"Module 213"
40,"Module 214"
95,"Module 226A"
57,"Module 226B"
53,"Module 239"
43,"Module 242"
153,"Module 262"
116,"Module 263"
131,"Module 264"
133,"Module 265"
141,"Module 266"
136,"Module 270"
135,"Module 271"
142,"Module 273"
144,"Module 278"
143,"Module 279"
132,"Module 283"
145,"Module 284"
138,"Module 286"
137,"Module 287"
146,"Module 288"
152,"Module 300"
44,"Module 306"
50,"Module 326"
13,"Module 403"
14,"Module 404"
29,"Module 411"
27,"Module 426"
16,"Module 431"
54,"Module 437"
1,"Module (cie) 101"
28,"Module (cie) 105"
120,"Module (cie) 260"
19,"Module (cie) 304"
6,"Module (cie) 305"
18,"Module (cie) 307"
46,"Module (cie) 318"
34,"Module (cie) 335"
33,"Atelier AGRAM"
23,"Atelier Applications"
21,"Atelier Bureautique"
60,"Atelier C# & Smartphone"
17,"Atelier Capteurs & Mesures"
110,"Atelier Infrastructure"
22,"Atelier Matériel"
128,"Atelier Mécatronique"
37,"Atelier Micro controlleurs"
111,"Atelier Multimédia"
48,"Atelier Nouv. Technologies"
32,"Atelier PC"
129,"Atelier Prog pour EE"
115,"Atelier Prog Smartphone"
104,"Atelier Programmation/WEB"
105,"Atelier Projets"
108,"Atelier Raspberry"
114,"Atelier SCRUM"
49,"Atelier Sécurité"
59,"Atelier Support"
122,"Atelier Support Utilisateur"
47,"Atelier TPI"
31,"Atelier Web & Serveur"
112,"Atelier WEB Design"
41,"Atelier [EE] Ecole Entreprise"
88,"Laboratoire Applications"
124,"Laboratoire Apprendre a travailler"
123,"Laboratoire ARL"
117,"Laboratoire Bureautique"
126,"Laboratoire CG Informatique"
139,"Laboratoire Communication d'entreprise"
9,"Laboratoire Entreprise"
118,"Laboratoire Infrastructure"
119,"Laboratoire Materiel"
127,"Laboratoire Mécatronique"
148,"Laboratoire Multimédia"
125,"Laboratoire Présentation"
130,"Laboratoire Prog pour EE"
109,"Laboratoire Raspberry"
113,"Laboratoire SCRUM"
84,"Laboratoire Sécurité"
85,"Laboratoire Support"
121,"Laboratoire Support Utilisateur"
147,"Laboratoire WEB Design"
62,"Laboratoire [EE] Laboratoire projets"
158,"Laboratoire Multimédia"
64,"Autre  [PAS] Base de données"
66,"Autre  [PAS] C#"
65,"Autre  [PAS] Projet"
63,"Autre  [PAS] Web"
156,"Autre Allemand"
101,"Autre Anglais"
8,"Autre Appuis"
93,"Autre Atelier de Raisonnement Logique"
107,"Autre CFPS 1Th"
92,"Autre Contrainte autre école"
98,"Autre Culture Générale"
134,"Autre Droit-Ethique"
102,"Autre Economie"
103,"Autre Education Physique"
155,"Autre Français"
90,"Autre IFFP"
91,"Autre Informatique"
99,"Autre Mathématique"
7,"Autre Maturité Pro"
100,"Autre Physique"
83,"Autre Tutorat 1ères"
71,"Techniciens AGRA"
69,"Techniciens Atelier"
75,"Techniciens BD"
94,"Techniciens Cours Commun"
68,"Techniciens GEL"
89,"Techniciens GPI"
73,"Techniciens LAC"
67,"Techniciens LAT"
87,"Techniciens Marketing"
77,"Techniciens ODT"
80,"Techniciens PDA"
81,"Techniciens Physique"
72,"Techniciens POO"
70,"Techniciens POW"
78,"Techniciens PROI"
82,"Techniciens Sécurité réseau"
74,"Techniciens STD"
79,"Techniciens Travaux semestre"
76,"Techniciens Travaux techniciens"
86,"Personnel Demande/contrainte personnelle"
